{"cameraMode":{"drawMode":0,"name":"Shaded","section":"Shading Mode"},"sceneLighting":false,"audioPlay":false,"sceneViewState":{"showFog":true,"showMaterialUpdate":false,"showSkybox":true,"showFlares":true,"showImageEffects":true,"showParticleSystems":true},"in2DMode":false,"pivot":{"x":-0.5726418495178223,"y":-1.1014399528503419,"z":5.056368827819824},"rotation":{"x":-0.039906151592731479,"y":0.2627399265766144,"z":-0.010981801897287369,"w":-0.9640309810638428},"size":10.586432456970215,"orthographic":false}