{"cameraMode":{"drawMode":0,"name":"Shaded","section":"Shading Mode"},"sceneLighting":false,"audioPlay":false,"sceneViewState":{"showFog":true,"showMaterialUpdate":false,"showSkybox":false,"showFlares":true,"showImageEffects":true,"showParticleSystems":true},"in2DMode":false,"pivot":{"x":4.0929999351501469,"y":0.9387500286102295,"z":1.1549999713897706},"rotation":{"x":-0.1547778695821762,"y":-0.0038668434135615827,"z":0.0005918925744481385,"w":-0.9879743456840515},"size":3.4155426025390627,"orthographic":false}